{
  "name": "shield",
  "version": "0.0.8",
  "description": "Cyber security shield",
  "productName": "UA Cyber SHIELD",
  "author": "Mykola Zhyhallo <mzhyhall@gmail.com>",
  "private": true,
  "repository": "github:opengs/uashield",
  "scripts": {
    "build:headless": "esbuild ./headless.ts --platform=node  --bundle --minify --sourcemap --sources-content=false --keep-names --target=node16 --outfile=./build/headless/headless.js",
    "start:headless": "NODE_ENV=production node --enable-source-maps ./build/headless/headless.js"
  },
  "dependencies": {
    "axios": "^0.26.1",
    "axios-https-proxy-fix": "^0.17.1",
    "socks-proxy-agent": "^6.2.0-beta.0",
    "http-proxy-agent": "^5.0.0",
    "https-proxy-agent": "^5.0.0",
    "superagent": "^7.1.2",
    "universal-analytics": "^0.5.3",
    "user-agents": "^1.0.965",
    "uuid4": "^2.0.2",
    "yargs": "^17.4.0",
    "cacheable-lookup": "^6.0.4"
  },
  "devDependencies": {
    "@types/node": "^16.11.26",
    "@types/user-agents": "^1.0.2",
    "esbuild": "0.14.27"
  },
  "engines": {
    "node": ">= 16",
    "npm": ">= 8"
  }
}
